Date,AAPL,GOOG,MSFT,IBM,^SPX
2021-09-17,146.06,2829.27,299.87,135.23,4432.99
2021-09-16,148.79,2887.47,305.22,136.43,4473.75
2021-09-15,149.03,2904.12,304.82,137.2,4480.7
2021-09-14,148.12,2868.12,299.79,136.22,4443.05
2021-09-13,149.55,2869.3,296.99,138.15,4468.73
2021-09-10,148.97,2838.42,295.71,137.02,4458.58
2021-09-09,154.07,2898.27,297.25,137.74,4493.28
2021-09-08,155.11,2897.67,300.21,138.67,4514.07
2021-09-07,156.69,2910.38,300.18,138.06,4520.03
2021-09-03,154.3,2895.5,301.14,139.58,4535.43
2021-09-02,153.65,2884.38,301.15,140.01,4536.95
2021-09-01,152.51,2916.84,301.83,139.3,4524.09
2021-08-31,151.83,2909.24,301.88,140.34,4522.68
2021-08-30,153.12,2909.39,303.59,138.97,4528.79
2021-08-27,148.6,2891.01,299.72,139.41,4509.37
2021-08-26,147.54,2842.46,299.09,138.78,4470.0
2021-08-25,148.36,2859.0,302.01,139.86,4496.19
2021-08-24,149.62,2847.97,302.62,139.84,4486.23
2021-08-23,149.71,2821.99,304.65,139.62,4479.53
2021-08-20,148.19,2768.74,304.36,139.11,4441.67
2021-08-19,146.7,2738.27,296.77,138.02,4405.8
2021-08-18,146.36,2731.4,290.73,139.47,4400.27
2021-08-17,150.19,2746.01,292.52,142.42,4448.08
2021-08-16,151.12,2778.32,294.04,143.59,4479.71
2021-08-13,149.1,2768.12,292.29,143.18,4468.0
2021-08-12,148.89,2767.79,289.26,143.07,4460.83
2021-08-11,145.86,2753.79,286.4,142.13,4447.7
2021-08-10,145.6,2761.93,285.89,141.38,4436.75
2021-08-09,146.09,2760.04,287.78,141.25,4432.35
2021-08-06,146.14,2740.72,288.91,142.45,4436.52
2021-08-05,146.84,2738.8,288.97,141.15,4429.1
2021-08-04,146.73,2720.57,285.96,141.14,4402.66
2021-08-03,147.14,2725.6,286.57,142.43,4423.15
2021-08-02,145.3,2719.79,284.28,139.81,4387.16
2021-07-30,145.64,2704.42,284.37,139.36,4395.26
2021-07-29,145.42,2730.81,285.95,140.31,4419.15
2021-07-28,144.76,2727.63,285.67,140.16,4400.64
2021-07-27,146.55,2735.93,285.99,141.13,4401.46
2021-07-26,148.77,2792.89,288.5,141.15,4422.3
2021-07-23,148.34,2756.32,289.12,139.73,4411.79
2021-07-22,146.58,2666.57,285.59,139.11,4367.48
2021-07-21,145.18,2652.01,280.86,139.69,4358.69
2021-07-20,145.93,2622.03,278.79,138.38,4323.06
2021-07-19,142.24,2585.08,276.48,136.35,4258.49
2021-07-16,146.17,2636.91,280.21,137.32,4327.16
2021-07-15,148.26,2625.33,280.49,138.85,4360.03
2021-07-14,148.93,2641.65,281.97,138.23,4374.3
2021-07-13,145.42,2619.89,280.44,138.68,4369.21
2021-07-12,144.28,2611.28,276.79,139.32,4384.63
2021-07-09,144.89,2591.49,277.41,139.91,4369.55
2021-07-08,143.03,2583.54,276.89,139.14,4320.82
2021-07-07,144.35,2601.55,279.4,138.23,4358.13
2021-07-06,141.81,2595.42,277.13,137.2,4343.54
2021-07-02,139.75,2574.38,277.12,138.43,4352.34
2021-07-01,137.06,2527.37,271.08,145.17,4319.94
2021-06-30,136.76,2506.32,270.38,144.92,4297.5
2021-06-29,136.13,2520.37,270.88,143.89,4291.8
2021-06-28,134.58,2536.39,268.21,143.64,4290.61
2021-06-25,132.91,2539.9,264.51,145.17,4280.7
2021-06-24,133.21,2545.64,266.18,143.78,4266.49
2021-06-23,133.5,2529.23,264.77,142.96,4241.84
2021-06-22,133.78,2539.99,265.0,144.69,4246.44
2021-06-21,132.1,2529.1,262.13,144.98,4224.79
2021-06-18,130.26,2511.35,258.93,141.49,4166.45
2021-06-17,131.59,2527.42,260.4,143.94,4221.86
2021-06-16,129.96,2513.93,256.89,146.15,4223.7
2021-06-15,129.45,2520.66,257.87,147.66,4246.59
2021-06-14,130.28,2527.04,259.39,148.32,4255.15
2021-06-11,127.16,2513.93,257.4,149.56,4247.44
2021-06-10,125.92,2521.6,256.75,148.83,4239.18
2021-06-09,126.94,2491.4,253.11,148.96,4219.55
2021-06-08,126.55,2482.85,252.09,147.37,4227.26
2021-06-07,125.71,2466.09,253.33,146.34,4226.52
2021-06-04,125.7,2451.76,250.31,145.74,4229.89
2021-06-03,123.36,2404.61,245.24,143.89,4192.85
2021-06-02,124.87,2421.28,246.83,144.06,4208.12
2021-06-01,124.09,2429.81,246.93,142.55,4202.04
2021-05-28,124.42,2411.56,249.2,142.1,4204.11
2021-05-27,125.09,2402.51,248.83,142.18,4200.88
2021-05-26,126.66,2433.53,251.01,141.75,4195.99
2021-05-25,126.71,2409.07,251.24,142.15,4188.13
2021-05-24,126.91,2406.67,250.3,143.07,4197.05
2021-05-21,125.24,2345.1,244.7,143.09,4155.86
2021-05-20,127.12,2356.09,246.01,142.24,4159.12
2021-05-19,124.5,2308.71,242.66,141.56,4115.68
2021-05-18,124.66,2303.43,242.06,142.27,4127.83
2021-05-17,126.08,2321.41,244.15,143.46,4163.29
2021-05-14,127.26,2316.16,247.11,143.03,4173.85
2021-05-13,124.78,2261.97,242.01,142.53,4112.5
2021-05-12,122.59,2239.08,237.99,139.69,4063.04
2021-05-11,125.72,2308.76,245.19,142.58,4152.1
2021-05-10,126.66,2341.66,246.14,144.51,4188.43
2021-05-07,130.02,2398.69,251.4,143.8,4232.6
2021-05-06,129.33,2381.35,248.67,145.11,4201.62
2021-05-05,127.69,2356.74,245.43,141.99,4167.59
2021-05-04,127.44,2354.25,246.75,142.5,4164.66
2021-05-03,132.12,2395.17,250.8,141.52,4192.66
2021-04-30,131.04,2410.12,251.12,138.71,4181.17
2021-04-29,133.05,2429.89,251.45,141.03,4211.47
2021-04-28,133.15,2379.91,253.48,139.81,4183.18
2021-04-27,133.96,2307.12,260.87,138.84,4186.72
2021-04-26,134.29,2326.74,260.45,138.42,4187.62
2021-04-23,133.89,2315.3,260.05,139.26,4180.17
2021-04-22,131.52,2267.92,256.09,138.13,4134.98
2021-04-21,133.07,2293.29,259.48,140.34,4173.42
2021-04-20,132.68,2293.63,257.18,135.07,4134.94
2021-04-19,134.41,2302.4,257.65,130.15,4163.26
2021-04-16,133.73,2297.76,259.64,130.61,4185.47
2021-04-15,134.07,2296.66,258.41,129.63,4170.42
2021-04-14,131.61,2254.84,254.51,129.67,4124.66
2021-04-13,134.0,2267.27,257.4,128.25,4141.59
2021-04-12,130.82,2254.79,254.83,131.59,4127.99
2021-04-09,132.57,2285.88,254.77,132.7,4128.8
2021-04-08,129.95,2265.44,252.19,132.11,4097.17
2021-04-07,127.49,2249.68,248.84,131.92,4079.95
2021-04-06,125.81,2224.75,246.82,131.23,4073.94
2021-04-05,125.5,2225.55,248.03,132.9,4077.91
2021-04-01,122.61,2137.75,241.33,130.26,4019.87
2021-03-31,121.76,2068.63,234.78,130.29,3972.89
2021-03-30,119.52,2055.54,230.88,131.71,3958.55
2021-03-29,121.0,2055.95,234.25,132.83,3971.09
2021-03-26,120.82,2035.55,235.49,133.33,3974.54
2021-03-25,120.21,2044.36,231.36,130.1,3909.52
2021-03-24,119.71,2045.06,234.47,127.71,3889.14
2021-03-23,122.15,2052.96,236.58,127.55,3910.52
2021-03-22,123.0,2038.59,235.0,127.64,3940.59
2021-03-19,119.61,2043.2,229.38,126.03,3913.1
2021-03-18,120.15,2036.22,229.75,127.16,3915.46
2021-03-17,124.36,2091.08,236.04,126.15,3974.12
2021-03-16,125.17,2092.52,236.71,125.38,3962.71
2021-03-15,123.59,2066.49,233.82,125.71,3968.94
2021-03-12,120.64,2061.92,234.76,124.76,3943.34
2021-03-11,121.57,2114.77,236.13,124.31,3939.34
2021-03-10,119.6,2055.03,231.44,125.02,3898.81
2021-03-09,120.7,2052.7,232.79,121.41,3875.44
2021-03-08,115.99,2024.17,226.44,122.03,3821.35
2021-03-05,121.03,2108.54,230.63,120.09,3841.94
2021-03-04,119.75,2049.09,225.78,117.43,3768.47
2021-03-03,121.67,2026.71,226.61,119.63,3819.72
2021-03-02,124.72,2075.84,232.88,117.65,3870.29
2021-03-01,127.38,2081.51,235.94,118.05,3901.82
2021-02-26,120.87,2036.86,231.4,116.28,3811.15
2021-02-25,120.6,2031.36,228.02,119.74,3829.34
2021-02-24,124.95,2095.17,233.56,120.46,3925.43
2021-02-23,125.46,2070.86,232.29,118.02,3881.37
2021-02-22,125.6,2064.88,233.52,118.16,3876.5
2021-02-19,129.46,2101.14,239.95,116.34,3906.71
2021-02-18,129.3,2117.2,242.77,118.04,3913.97
2021-02-17,130.42,2128.31,243.17,117.29,3931.33
2021-02-16,132.76,2121.9,242.12,117.39,3932.59
2021-02-12,134.94,2104.11,243.4,118.11,3934.83
2021-02-11,134.7,2095.89,242.9,118.21,3916.38
2021-02-10,134.96,2095.38,241.24,119.51,3909.88
2021-02-09,135.58,2083.51,242.19,119.38,3911.23
2021-02-08,136.48,2092.91,240.89,119.26,3915.59
2021-02-05,136.33,2098.0,240.62,117.5,3886.83
2021-02-04,136.75,2062.37,240.43,116.76,3871.74
2021-02-03,133.31,2070.07,241.42,114.93,3830.17
2021-02-02,134.36,1927.51,237.95,115.23,3826.31
2021-02-01,133.51,1901.35,238.09,116.3,3773.86
2021-01-29,131.34,1835.74,230.46,114.92,3714.24
2021-01-28,136.46,1863.11,237.38,115.86,3787.38
2021-01-27,141.4,1830.79,231.38,118.16,3750.77
2021-01-26,142.5,1917.24,230.83,118.17,3849.62
2021-01-25,142.26,1899.4,228.03,114.41,3855.36
2021-01-22,138.41,1901.05,224.48,114.44,3841.47
2021-01-21,136.24,1891.25,223.5,127.01,3853.07
2021-01-20,131.41,1886.9,222.87,125.5,3851.85
2021-01-19,127.23,1790.86,215.03,124.48,3798.91
2021-01-15,126.54,1736.19,211.27,123.87,3768.25
2021-01-14,128.31,1740.18,211.63,124.43,3795.54
2021-01-13,130.27,1754.4,214.93,122.46,3809.84
2021-01-12,128.2,1746.55,213.54,124.66,3801.19
2021-01-11,128.38,1766.72,216.08,124.05,3799.61
2021-01-08,131.43,1807.21,218.2,124.01,3824.68
2021-01-07,130.3,1787.25,216.87,124.45,3803.79
2021-01-06,126.01,1735.29,210.87,124.74,3748.14
2021-01-05,130.39,1740.92,216.49,121.7,3726.86
2021-01-04,128.81,1728.24,216.28,119.58,3700.65
2020-12-31,132.07,1751.88,220.98,121.45,3756.07
2020-12-30,133.09,1739.52,220.24,119.96,3732.04
2020-12-29,134.24,1758.72,222.68,119.44,3727.04
2020-12-28,136.06,1776.09,223.49,120.42,3735.36
2020-12-24,131.35,1738.85,221.31,120.3,3703.06
2020-12-23,130.34,1732.38,219.58,119.54,3690.01
2020-12-22,131.26,1723.5,222.49,119.26,3687.26
2020-12-21,127.63,1739.37,221.15,119.04,3694.92
2020-12-18,126.07,1731.01,217.17,121.42,3709.41
2020-12-17,128.1,1747.9,218.0,121.13,3722.48
2020-12-16,127.21,1763.0,217.86,121.13,3701.17
2020-12-15,127.28,1767.77,212.74,121.5,3694.62
2020-12-14,121.21,1760.06,212.81,119.18,3647.49
2020-12-11,121.84,1781.77,211.87,119.89,3663.46
2020-12-10,122.67,1775.33,209.16,120.56,3668.1
2020-12-09,121.21,1784.13,210.42,122.33,3672.82
2020-12-08,123.79,1818.55,214.6,121.28,3702.25
2020-12-07,123.18,1819.48,212.9,120.31,3691.96
2020-12-04,121.68,1827.99,212.97,122.72,3699.12
2020-12-03,122.37,1826.77,212.85,119.26,3666.72
2020-12-02,122.51,1827.95,213.97,120.24,3669.01
2020-12-01,122.15,1798.1,214.8,118.83,3662.45
2020-11-30,118.49,1760.74,212.68,119.17,3621.63
2020-11-27,116.05,1793.19,213.84,119.97,3638.35
2020-11-25,115.49,1771.43,212.48,119.83,3629.65
2020-11-24,114.63,1768.88,212.47,120.04,3635.41
2020-11-23,113.32,1734.86,208.75,115.87,3577.59
2020-11-20,116.79,1742.19,209.03,112.82,3557.54
2020-11-19,118.08,1763.92,211.04,113.05,3581.87
2020-11-18,117.47,1746.78,209.7,112.66,3567.79
2020-11-17,118.83,1770.15,212.51,113.56,3609.53
2020-11-16,119.74,1781.38,215.25,114.2,3626.91
2020-11-13,118.7,1777.02,214.53,112.74,3585.15
2020-11-12,118.65,1749.84,213.49,110.47,3537.01
2020-11-11,118.93,1752.71,214.57,113.07,3572.66
2020-11-10,115.43,1740.39,209.1,113.76,3545.53
2020-11-09,115.78,1763.0,216.41,111.47,3550.5
2020-11-06,118.13,1761.75,221.7,108.45,3509.44
2020-11-05,118.26,1763.37,221.27,109.15,3510.45
2020-11-04,114.22,1749.13,214.41,106.42,3443.44
2020-11-03,109.74,1650.21,204.56,108.57,3369.16
2020-11-02,108.08,1626.03,200.5,107.38,3310.24
2020-10-30,108.17,1621.01,200.64,106.19,3269.96
2020-10-29,114.59,1567.24,202.86,103.57,3310.11
2020-10-28,110.48,1516.62,200.85,101.42,3271.03
2020-10-27,115.86,1604.26,211.31,105.14,3390.68
2020-10-26,114.32,1590.45,208.17,106.72,3400.97
2020-10-23,114.31,1641.0,214.26,110.31,3465.39
2020-10-22,115.01,1615.33,212.94,110.1,3453.49
2020-10-21,116.13,1593.31,212.85,109.42,3435.56
2020-10-20,116.76,1555.93,212.7,111.61,3443.12
2020-10-19,115.24,1534.61,212.27,119.38,3426.92
2020-10-16,118.26,1573.01,217.67,119.76,3483.81
2020-10-15,119.94,1559.13,217.67,118.77,3483.34
2020-10-14,120.42,1568.08,218.84,119.77,3488.67
2020-10-13,120.33,1571.68,220.84,118.97,3511.93
2020-10-12,123.6,1569.15,219.38,120.98,3534.22
2020-10-09,116.23,1515.22,213.86,121.53,3477.13
2020-10-08,114.24,1485.93,208.67,125.05,3446.83
2020-10-07,114.35,1460.29,207.92,118.0,3419.45
2020-10-06,112.44,1453.44,204.04,115.99,3360.95
2020-10-05,115.76,1486.02,208.47,116.03,3408.63
2020-10-02,112.3,1458.42,204.32,114.66,3348.44
2020-10-01,116.05,1490.09,210.53,115.16,3380.8
2020-09-30,115.07,1469.6,208.42,115.71,3363.0
2020-09-29,113.36,1469.33,205.37,115.02,3335.47
2020-09-28,114.23,1464.52,207.53,115.77,3351.6
2020-09-25,111.56,1444.96,205.93,113.12,3298.46
2020-09-24,107.53,1428.29,201.33,112.31,3246.59
2020-09-23,106.44,1415.21,198.77,113.01,3236.92
2020-09-22,111.09,1465.46,205.53,114.6,3315.57
2020-09-21,109.38,1431.16,200.71,114.36,3281.06
2020-09-18,106.16,1459.99,198.57,116.75,3319.47
2020-09-17,109.64,1495.53,201.06,118.8,3357.01
2020-09-16,111.41,1520.9,203.18,118.13,3385.49
2020-09-15,114.8,1541.44,206.87,116.44,3401.2
2020-09-14,114.63,1519.28,203.54,116.1,3383.54
2020-09-11,111.28,1520.72,202.17,115.5,3340.97
2020-09-10,112.76,1532.02,203.5,114.65,3339.19
2020-09-09,116.58,1556.96,209.38,116.27,3398.96
2020-09-08,112.1,1532.39,200.83,115.27,3331.84
2020-09-04,120.19,1591.04,212.3,116.31,3426.96
2020-09-03,120.11,1641.84,215.32,118.35,3455.06
2020-09-02,130.55,1728.28,229.55,121.9,3580.84
2020-09-01,133.32,1660.71,225.21,117.36,3526.65
2020-08-31,128.22,1634.18,223.47,117.27,3500.31
2020-08-28,124.01,1644.41,226.84,118.94,3508.01
2020-08-27,124.2,1634.33,224.52,118.55,3484.55
2020-08-26,125.71,1652.38,219.13,118.1,3478.73
2020-08-25,124.02,1608.22,214.49,118.54,3443.62
2020-08-24,125.05,1588.2,211.74,119.52,3431.28
2020-08-21,123.57,1580.42,211.08,117.13,3397.16
2020-08-20,117.52,1581.75,212.63,117.12,3385.51
2020-08-19,114.97,1547.53,207.79,117.77,3374.85
2020-08-18,114.82,1558.6,209.07,118.8,3389.78
2020-08-17,113.88,1517.98,207.86,118.34,3381.99
2020-08-14,114.18,1507.73,206.5,119.13,3372.85
2020-08-13,114.28,1518.45,206.31,118.9,3373.43
2020-08-12,112.29,1506.62,206.79,120.49,3380.35
2020-08-11,108.69,1480.32,201.04,120.54,3333.69
2020-08-10,112.01,1496.1,205.86,120.88,3360.47
2020-08-07,110.39,1494.49,210.04,118.84,3351.28
2020-08-06,112.97,1500.1,213.88,118.39,3349.16
2020-08-05,109.16,1473.61,210.5,117.76,3327.77
2020-08-04,108.77,1464.97,210.84,118.12,3306.51
2020-08-03,108.05,1474.45,214.05,116.7,3294.61
2020-07-31,105.39,1482.96,202.66,115.41,3271.12
2020-07-30,95.405,1531.45,201.55,115.37,3246.22
2020-07-29,94.265,1522.02,201.71,117.64,3258.44
2020-07-28,92.49,1500.34,199.7,116.83,3218.44
2020-07-27,94.035,1530.2,201.5,118.48,3239.41
2020-07-24,91.85700000000001,1511.87,198.99,118.09,3215.63
2020-07-23,92.085,1515.68,200.22,119.52,3235.66
2020-07-22,96.477,1568.49,209.33,120.78,3276.02
2020-07-21,96.206,1558.42,206.35,118.33,3257.3
2020-07-20,97.553,1565.72,209.18,118.63,3251.84
2020-07-17,95.54,1515.55,200.56,117.43,3224.73
2020-07-16,95.734,1518.0,201.57,116.41,3215.57
2020-07-15,96.927,1513.64,205.65,115.46,3226.56
2020-07-14,96.26299999999999,1520.58,205.96,113.21,3197.52
2020-07-13,94.696,1511.34,204.7,111.9,3155.22
2020-07-10,95.135,1541.74,211.21,111.09,3185.04
2020-07-09,94.90100000000001,1510.99,211.85,108.62,3152.05
2020-07-08,94.561,1496.0,210.39,110.5,3169.94
2020-07-07,92.411,1485.18,205.86,110.37,3145.32
2020-07-06,92.698,1495.7,208.28,112.82,3179.72
2020-07-02,90.28200000000001,1464.7,203.89,112.36,3130.01
2020-07-01,90.28200000000001,1438.04,202.35,111.28,3115.86
2020-06-30,90.45200000000001,1413.61,201.16,113.37,3100.29
2020-06-29,89.706,1394.97,196.16,112.41,3053.24
2020-06-26,87.685,1359.9,194.08,110.02,3009.05
2020-06-25,90.462,1441.33,198.04,111.73,3083.76
2020-06-24,89.277,1431.97,195.57,109.29,3050.33
2020-06-23,90.883,1464.41,199.59,112.1,3131.29
2020-06-22,88.984,1451.86,198.27,113.66,3117.86
2020-06-19,86.714,1431.72,192.9,114.97,3097.74
2020-06-18,87.214,1435.96,194.07,116.56,3115.34
2020-06-17,87.179,1451.12,192.01,116.55,3113.49
2020-06-16,87.3,1442.72,191.35,117.47,3124.74
2020-06-15,85.046,1419.85,186.77,114.2,3066.59
2020-06-12,84.007,1413.18,185.58,114.44,3041.31
2020-06-11,83.289,1403.84,184.12,110.78,3002.1
2020-06-10,87.48700000000001,1465.85,194.59,121.91,3190.14
2020-06-09,85.29299999999999,1456.16,187.63,123.79,3207.18
2020-06-08,82.68299999999999,1446.61,186.2,127.43,3232.39
2020-06-05,82.197,1438.39,185.05,123.97,3193.93
2020-06-04,79.92,1412.18,180.81,120.99,3112.35
2020-06-03,80.613,1436.38,183.24,121.14,3122.87
2020-06-02,80.175,1439.22,182.79,118.27,3080.82
2020-06-01,79.804,1431.82,180.72,117.24,3055.73
2020-05-29,78.835,1428.92,181.14,117.25,3044.31
2020-05-28,78.913,1416.73,179.33,116.89,3029.73
2020-05-27,78.878,1417.84,179.72,117.85,3036.13
2020-05-26,78.53399999999999,1417.02,179.48,114.3,2991.77
2020-05-22,79.071,1410.42,181.4,111.13,2955.45
2020-05-21,78.564,1402.8,181.32,111.82,2948.51
2020-05-20,79.155,1406.72,183.54,113.94,2971.61
2020-05-19,77.646,1373.485,181.01,112.92,2922.94
2020-05-18,78.096,1383.94,182.29,114.11,2953.91
2020-05-15,76.3,1373.19,180.54,109.82,2863.7
2020-05-14,76.751,1356.13,177.97,109.79,2852.5
2020-05-13,76.285,1349.33,177.19,108.64,2820.0
2020-05-12,77.215,1375.74,179.91,112.89,2870.12
2020-05-11,78.108,1403.26,184.07,115.09,2930.32
2020-05-08,76.898,1388.37,182.06,115.45,2929.8
2020-05-07,75.108,1372.56,180.98,113.79,2881.19
2020-05-06,74.343,1347.3,179.94,114.1,2848.42
2020-05-05,73.585,1351.11,178.2,113.55,2868.44
2020-05-04,72.493,1326.8,176.29,112.72,2842.74
2020-05-01,71.482,1320.61,172.09,112.89,2830.71
2020-04-30,72.652,1348.66,176.65,116.31,2912.43
2020-04-29,71.15,1341.48,174.92,119.21,2939.51
2020-04-28,68.89,1233.67,167.39,116.96,2863.39
2020-04-27,70.025,1275.88,171.57,116.64,2878.48
2020-04-24,69.975,1279.31,172.07,115.52,2836.74
2020-04-23,68.012,1276.31,168.98,112.4,2797.8
2020-04-22,68.274,1263.21,171.04,110.52,2799.31
2020-04-21,66.366,1216.34,165.43,108.14,2736.56
2020-04-20,68.479,1266.61,172.57,111.54,2823.16
2020-04-17,69.932,1283.25,176.05,111.27,2874.56
2020-04-16,70.896,1263.47,174.53,107.2,2799.55
2020-04-15,70.336,1262.47,169.44,109.95,2783.36
2020-04-14,70.984,1269.23,171.22,114.77,2846.06
2020-04-13,67.571,1217.56,163.15,112.22,2761.63
2020-04-09,66.27199999999999,1211.45,162.78,112.54,2789.82
2020-04-08,65.794,1210.28,162.77,110.5,2749.98
2020-04-07,64.153,1186.51,161.18,106.46,2659.41
2020-04-06,64.906,1186.92,162.91,106.37,2663.68
2020-04-03,59.699,1097.88,151.64,98.49600000000001,2488.65
2020-04-02,60.568000000000005,1120.84,153.07,101.9,2526.9
2020-04-01,59.576,1105.62,149.93,97.398,2470.5
2020-03-31,62.881,1162.81,155.46,102.77,2584.59
2020-03-30,63.011,1146.82,157.93,104.62,2626.65
2020-03-27,61.263999999999996,1110.71,147.57,100.07,2541.47
2020-03-26,63.908,1161.75,153.88,104.58,2630.07
2020-03-25,60.715,1102.49,144.83,98.053,2475.56
2020-03-24,61.049,1134.46,146.22,97.691,2447.33
2020-03-23,55.483999999999995,1056.62,134.04,87.785,2237.4
2020-03-20,56.688,1072.32,135.4,88.359,2304.92
2020-03-19,60.53,1115.29,140.67,92.945,2409.39
2020-03-18,60.998000000000005,1096.8,138.41,95.919,2398.1
2020-03-17,62.53,1119.8,144.49,98.79299999999999,2529.19
2020-03-16,59.896,1084.33,133.48,91.77799999999999,2386.13
2020-03-13,68.738,1219.73,156.58,99.99,2711.02
2020-03-12,61.38399999999999,1114.91,137.08,95.235,2480.64
2020-03-11,68.112,1215.41,151.44,109.28,2741.38
2020-03-10,70.561,1280.39,158.62,115.57,2882.23
2020-03-09,65.818,1215.56,148.49,109.13,2746.56
2020-03-06,71.472,1298.41,159.27,118.31,2972.37
2020-03-05,72.433,1319.04,163.91,120.01,3023.94
2020-03-04,74.86399999999999,1386.52,168.13,124.32,3130.12
2020-03-03,71.545,1341.39,162.15,119.41,3003.37
2020-03-02,73.889,1389.11,170.33,124.4,3090.23
2020-02-28,67.598,1339.33,159.7,120.56,2954.22
2020-02-27,67.638,1318.09,155.93,123.3,2978.76
2020-02-26,72.368,1393.18,167.75,129.45,3116.39
2020-02-25,71.237,1388.45,165.68,131.27,3128.21
2020-02-24,73.736,1421.59,168.47,135.64,3225.89
2020-02-21,77.41199999999999,1485.11,176.04,138.79,3337.75
2020-02-20,79.208,1518.15,181.8,140.08,3373.23
2020-02-19,80.027,1526.69,184.61,139.74,3386.15
2020-02-18,78.885,1519.67,184.05,139.97,3370.29
2020-02-14,80.35600000000001,1520.74,182.23,139.59,3380.16
2020-02-13,80.336,1514.66,180.59,142.93,3373.94
2020-02-12,80.91199999999999,1518.27,181.59,143.85,3379.45
2020-02-11,79.038,1508.79,181.32,142.16,3357.75
2020-02-10,79.514,1508.68,185.51,143.04,3352.09
2020-02-07,79.14,1479.23,180.77,142.09,3327.71
2020-02-06,80.23,1476.23,180.51,143.72,3345.78
2020-02-05,79.3,1448.23,176.85,143.31,3334.69
2020-02-04,78.66199999999999,1447.07,177.07,136.71,3297.59
2020-02-03,76.148,1485.94,171.43,134.08,3248.92
2020-01-31,76.36,1434.23,167.35,131.76,3225.52
2020-01-30,79.898,1455.84,169.86,125.39,3283.66
2020-01-29,80.015,1458.63,165.19,126.22,3273.4
2020-01-28,78.375,1452.56,162.65,127.93,3276.24
2020-01-27,76.22,1433.9,159.53,127.07,3243.63
2020-01-24,78.52600000000001,1466.71,162.23,128.86,3295.47
2020-01-23,78.753,1486.65,163.91,130.97,3325.54
2020-01-22,78.377,1485.95,162.89,131.91,3321.75
2020-01-21,78.098,1484.4,163.69,127.58,3320.79
2020-01-17,78.632,1480.39,164.28,126.79,3329.62
2020-01-16,77.76899999999999,1451.7,163.36,126.48,3316.81
2020-01-15,76.806,1439.2,160.43,125.25,3289.29
2020-01-14,77.138,1430.88,159.38,124.52,3283.15
2020-01-13,78.195,1439.23,160.53,125.23,3288.13
2020-01-10,76.557,1429.73,158.6,125.31,3265.35
2020-01-09,76.389,1419.83,159.34,125.36,3274.7
2020-01-08,74.797,1404.32,157.4,124.04,3253.05
2020-01-07,73.615,1393.34,154.9,123.01,3237.18
2020-01-06,73.959,1394.21,156.35,122.92,3246.28
2020-01-03,73.378,1360.66,155.94,123.15,3234.85
2020-01-02,74.096,1367.37,157.89,124.14,3257.85
2019-12-31,72.441,1337.02,155.02,122.87,3230.78
2019-12-30,71.917,1336.14,154.91,121.75,3221.29
2019-12-27,71.492,1351.89,156.28,124.01,3240.02
2019-12-26,71.52,1360.4,155.99,123.68,3239.91
2019-12-24,70.12899999999999,1343.56,154.7,123.75,3223.38
2019-12-23,70.065,1348.84,154.73,124.26,3224.01
2019-12-20,68.94,1349.59,154.73,124.3,3221.22
2019-12-19,69.082,1356.04,153.1,123.36,3205.37
2019-12-18,69.015,1352.62,151.76,123.22,3191.14
2019-12-17,69.176,1355.12,152.08,123.04,3192.52
2019-12-16,69.044,1361.17,152.92,122.95,3191.45
2019-12-13,67.881,1347.83,151.92,123.03,3168.8
2019-12-12,66.97,1350.27,150.64,124.05,3168.57
2019-12-11,66.8,1345.02,149.14,122.62,3141.63
2019-12-10,66.234,1344.66,148.59,122.76,3132.52
2019-12-09,65.848,1343.55,148.82,122.77,3135.96
2019-12-06,66.785,1340.62,149.18,122.12,3145.91
2019-12-05,65.517,1328.13,147.39,120.93,3117.43
2019-12-04,64.572,1320.54,147.31,121.0,3112.76
2019-12-03,64.008,1295.28,146.78,121.11,3093.2
2019-12-02,65.168,1289.92,147.02,121.84,3113.87
2019-11-29,65.931,1304.96,148.84,123.26,3140.98
2019-11-27,66.077,1313.5,149.74,122.63,3153.63
2019-11-26,65.2,1313.55,149.46,123.84,3140.52
2019-11-25,65.712,1306.69,148.69,124.64,3133.64
2019-11-22,64.579,1295.34,147.06,123.15,3110.29
2019-11-21,64.63600000000001,1301.35,146.95,122.7,3103.54
2019-11-20,64.931,1303.05,147.09,122.1,3108.46
2019-11-19,65.693,1315.46,147.34,123.32,3120.18
2019-11-18,65.89399999999999,1320.7,147.3,123.12,3122.03
2019-11-15,65.56,1334.87,146.93,123.21,3120.46
2019-11-14,64.794,1311.46,145.06,122.84,3096.63
2019-11-13,65.245,1298.0,144.33,123.29,3094.04
2019-11-12,64.624,1298.8,144.09,124.3,3091.84
2019-11-11,64.684,1299.19,143.15,124.19,3087.01
2019-11-08,64.176,1311.37,143.01,126.15,3093.08
2019-11-07,64.003,1308.86,141.34,126.22,3085.18
2019-11-06,63.27,1291.8,141.14,125.73,3076.78
2019-11-05,63.242,1292.03,141.53,124.93,3074.62
2019-11-04,63.333999999999996,1291.37,141.62,124.73,3078.27
2019-11-01,62.92100000000001,1273.74,140.8,122.8,3066.91
2019-10-31,61.18600000000001,1260.11,140.47,121.16,3037.56
2019-10-30,59.833999999999996,1261.29,141.68,122.55,3046.77
2019-10-29,59.842,1262.62,139.95,121.24,3036.89
2019-10-28,61.256,1290.0,141.27,123.19,3039.42
2019-10-25,60.65,1265.13,137.88,122.72,3022.55
2019-10-24,59.913999999999994,1260.99,137.11,121.46,3010.29
2019-10-23,59.81399999999999,1259.13,134.46,121.75,3004.52
2019-10-22,59.022,1242.8,133.6,121.38,2995.99
2019-10-21,59.153,1246.15,135.63,120.12,3006.72
2019-10-18,58.148,1245.49,134.63,121.48,2986.2
2019-10-17,57.87,1253.07,136.86,121.65,2997.95
2019-10-16,57.648,1243.64,137.56,128.75,2989.69
2019-10-15,57.88,1243.01,138.7,129.57,2995.68
2019-10-14,58.013999999999996,1217.14,136.72,128.7,2966.15
2019-10-11,58.098,1215.45,136.85,129.34,2970.27
2019-10-10,56.593999999999994,1208.67,136.28,127.86,2938.13
2019-10-09,55.838,1202.31,135.44,126.54,2919.4
2019-10-08,55.193999999999996,1189.13,132.93,125.38,2893.06
2019-10-07,55.845,1207.68,134.35,128.01,2938.79
2019-10-04,55.832,1209.0,135.33,129.56,2952.01
2019-10-03,54.317,1187.83,133.51,128.68,2910.63
2019-10-02,53.853,1176.63,131.91,128.38,2887.61
2019-10-01,55.242,1205.1,134.3,130.15,2940.25
2019-09-30,55.086999999999996,1219.0,136.21,131.75,2976.74
2019-09-27,53.821000000000005,1225.09,134.94,129.79,2961.79
2019-09-26,54.083999999999996,1241.39,136.71,130.05,2977.62
2019-09-25,54.369,1246.52,136.54,129.71,2984.87
2019-09-24,53.544,1218.76,134.6,128.37,2966.6
2019-09-23,53.795,1234.03,136.32,128.73,2991.78
2019-09-20,53.556000000000004,1229.93,136.62,128.54,2992.07
2019-09-19,54.352,1238.71,138.22,129.54,3006.79
2019-09-18,54.79,1232.41,135.72,128.86,3006.73
2019-09-17,54.287,1229.15,134.61,128.84,3005.7
2019-09-16,54.086999999999996,1231.3,133.56,129.09,2997.96
2019-09-13,53.803000000000004,1239.56,134.54,130.16,3007.39
2019-09-12,54.87,1234.25,134.73,130.11,3009.57
2019-09-11,54.995,1220.17,133.35,130.09,3000.93
2019-09-10,53.299,1206.0,133.31,131.41,2979.39
2019-09-09,52.676,1204.41,134.73,129.19,2978.43
2019-09-06,52.45399999999999,1204.93,136.28,127.36,2978.71
2019-09-05,52.46,1211.38,137.22,127.72,2976.0
2019-09-04,51.45399999999999,1181.41,134.84,123.51,2937.78
2019-09-03,50.592,1168.39,133.27,121.49,2906.27
2019-08-30,51.345,1188.1,135.07,122.8,2926.46
2019-08-29,51.41,1192.85,135.33,122.2,2924.58
2019-08-28,50.549,1171.02,132.82,120.28,2887.94
2019-08-27,50.218,1167.84,133.0,118.84,2869.16
2019-08-26,50.788999999999994,1168.89,132.71,117.77,2878.38
2019-08-23,49.841,1151.29,130.7,117.4,2847.11
2019-08-22,52.256,1189.53,134.99,121.69,2922.95
2019-08-21,52.302,1191.25,135.99,121.64,2924.43
2019-08-20,51.738,1182.69,134.48,120.5,2900.51
2019-08-19,51.736000000000004,1198.45,135.61,122.35,2923.65
2019-08-16,50.792,1177.6,133.36,121.18,2888.68
2019-08-15,49.622,1167.26,130.98,119.51,2847.6
2019-08-14,49.869,1164.29,131.28,118.91,2840.6
2019-08-13,51.4,1197.27,135.34,123.02,2926.32
2019-08-12,49.31100000000001,1174.71,132.6,121.51,2883.75
2019-08-09,49.437,1188.01,134.47,123.34,2918.65
2019-08-08,49.847,1204.8,135.63,126.94,2938.09
2019-08-07,48.773999999999994,1173.99,132.09,124.58,2883.98
2019-08-06,48.27,1169.95,131.53,126.03,2881.77
2019-08-05,47.375,1152.32,129.1,126.06,2844.74
2019-08-02,49.99,1193.99,133.68,131.86,2932.05
2019-08-01,51.07,1209.01,134.81,134.62,2953.56
2019-07-31,52.2,1216.68,133.08,132.74,2980.38
2019-07-30,51.158,1225.14,137.05,134.11,3013.18
2019-07-29,51.38,1239.41,137.71,135.1,3020.97
2019-07-26,50.901,1250.41,138.02,135.53,3025.86
2019-07-25,50.726000000000006,1132.12,136.89,134.68,3003.67
2019-07-24,51.13,1137.81,137.4,134.34,3019.56
2019-07-23,51.172,1146.21,136.03,134.68,3005.47
2019-07-22,50.776,1138.07,135.18,134.08,2985.03
2019-07-19,49.641999999999996,1130.1,133.4,134.05,2976.61
2019-07-18,50.393,1146.33,133.21,134.01,2995.11
2019-07-17,49.827,1146.35,133.08,128.12,2984.42
2019-07-16,50.11,1153.58,133.86,128.52,3004.04
2019-07-15,50.285,1150.34,135.64,128.34,3014.3
2019-07-12,49.81399999999999,1144.9,135.64,127.82,3013.77
2019-07-11,49.437,1144.21,135.15,126.47,2999.91
2019-07-10,49.797,1140.48,134.61,125.78,2993.07
2019-07-09,49.31100000000001,1124.83,133.24,124.75,2979.63
2019-07-08,49.008,1116.35,133.74,125.88,2975.95
2019-07-05,50.043,1131.59,133.84,126.6,2990.41
2019-07-03,50.088,1121.58,134.23,126.75,2995.82
2019-07-02,49.676,1111.25,133.36,125.55,2973.01
2019-07-01,49.387,1097.95,132.49,125.27,2964.33
2019-06-28,48.496,1080.91,130.83,123.48,2941.76
2019-06-27,48.941,1076.01,131.0,124.04,2924.92
2019-06-26,48.956,1079.8,130.8,124.04,2913.78
2019-06-25,47.92100000000001,1086.35,130.3,123.89,2917.38
2019-06-24,48.659,1115.52,134.54,124.77,2945.35
2019-06-21,48.708999999999996,1121.88,133.75,124.64,2950.46
2019-06-20,48.878,1111.42,133.73,124.33,2954.18
2019-06-19,48.483000000000004,1102.33,132.5,122.76,2926.46
2019-06-18,48.626999999999995,1103.6,131.97,122.12,2917.75
2019-06-17,47.51,1092.5,129.72,120.84,2889.67
2019-06-14,47.228,1085.35,129.33,121.03,2886.98
2019-06-13,47.573,1088.77,129.2,121.57,2891.64
2019-06-12,47.58,1077.03,128.39,120.77,2879.84
2019-06-11,47.732,1078.72,128.99,121.74,2885.72
2019-06-10,47.188,1080.38,129.48,120.67,2886.73
2019-06-07,46.59,1066.04,128.3,119.38,2873.34
2019-06-06,45.383,1044.34,124.82,118.4,2843.49
2019-06-05,44.73,1042.22,122.87,117.74,2826.15
2019-06-04,44.016999999999996,1053.05,120.26,118.81,2803.27
2019-06-03,42.461000000000006,1036.23,117.02,114.87,2744.45
2019-05-31,42.9,1103.63,120.78,113.71,2752.06
2019-05-30,43.69,1117.95,122.78,116.02,2788.86
2019-05-29,43.463,1116.46,122.02,116.12,2783.02
2019-05-28,43.672,1134.15,123.19,116.81,2802.39
2019-05-24,43.852,1133.47,123.26,118.45,2826.06
2019-05-23,44.022,1140.77,123.21,118.56,2822.24
2019-05-22,44.784,1151.42,124.67,122.09,2856.27
2019-05-21,45.721000000000004,1149.63,123.91,122.18,2864.36
2019-05-20,44.861999999999995,1138.85,123.24,121.0,2840.23
2019-05-17,46.31100000000001,1162.3,125.05,120.28,2859.53
2019-05-16,46.571999999999996,1178.98,125.9,121.67,2876.32
2019-05-15,46.781000000000006,1164.21,123.06,120.34,2850.96
2019-05-14,46.231,1120.44,121.35,119.38,2834.41
2019-05-13,45.508,1132.03,120.0,117.68,2811.87
2019-05-10,48.315,1164.27,123.67,121.17,2881.4
2019-05-09,48.994,1162.38,122.12,121.18,2870.72
2019-05-08,49.523999999999994,1166.27,122.12,122.12,2879.42
2019-05-07,49.516999999999996,1174.1,122.13,121.81,2884.05
2019-05-06,50.885,1189.39,124.68,124.23,2932.47
2019-05-03,51.68600000000001,1185.4,125.4,124.11,2945.64
2019-05-02,51.052,1162.61,122.79,123.53,2917.52
2019-05-01,51.388000000000005,1168.08,124.42,124.39,2923.73
2019-04-30,48.981,1188.48,127.08,124.13,2945.83
2019-04-29,49.943000000000005,1287.58,126.25,123.05,2943.03
2019-04-26,49.869,1272.18,126.37,123.41,2939.88
2019-04-25,50.108000000000004,1263.45,125.65,122.68,2926.17
2019-04-24,50.56399999999999,1256.0,121.63,123.84,2927.25
2019-04-23,50.641999999999996,1264.55,122.06,124.28,2933.68
2019-04-22,49.923,1248.84,120.4,122.91,2907.97
2019-04-18,49.75899999999999,1236.37,120.02,124.19,2905.03
2019-04-17,49.582,1236.34,118.48,123.11,2900.45
2019-04-16,48.637,1227.13,117.49,128.44,2907.06
2019-04-15,48.632,1221.1,117.76,127.34,2905.58
2019-04-12,48.542,1217.87,117.66,127.74,2907.41
2019-04-11,48.562,1204.62,117.07,127.25,2888.32
2019-04-10,48.968,1202.16,116.94,126.56,2888.21
2019-04-09,48.696999999999996,1197.25,116.05,125.75,2878.2
2019-04-08,48.846000000000004,1203.84,116.69,126.91,2895.77
2019-04-05,48.086000000000006,1207.15,116.65,126.8,2892.74
2019-04-04,47.763999999999996,1215.0,116.13,126.35,2879.39
2019-04-03,47.681999999999995,1205.92,116.73,127.1,2873.4
2019-04-02,47.36,1200.49,115.96,126.54,2867.24
2019-04-01,46.68,1194.43,115.79,126.82,2867.19
2019-03-29,46.364,1173.31,114.74,124.86,2834.4
2019-03-28,46.068999999999996,1168.49,113.76,123.82,2815.44
2019-03-27,46.006,1173.02,113.61,123.23,2805.37
2019-03-26,45.595,1184.62,114.71,124.09,2818.46
2019-03-25,46.074,1193.0,114.48,123.17,2798.36
2019-03-22,46.632,1205.5,113.88,123.42,2800.71
2019-03-21,47.61600000000001,1231.54,116.97,125.18,2854.88
2019-03-20,45.928999999999995,1223.97,114.34,123.54,2824.23
2019-03-19,45.53,1198.85,114.47,124.32,2832.57
2019-03-18,45.894,1184.26,114.39,124.08,2832.94
2019-03-15,45.43,1184.46,112.76,123.4,2822.48
2019-03-14,44.847,1185.55,111.49,122.83,2808.48
2019-03-13,44.354,1193.32,111.4,122.62,2810.92
2019-03-12,44.161,1193.2,110.53,122.38,2791.52
2019-03-11,43.668,1175.76,109.78,121.87,2783.3
2019-03-08,42.207,1142.32,107.51,119.54,2743.07
2019-03-07,42.107,1143.3,107.39,119.79,2748.93
2019-03-06,42.596000000000004,1157.86,108.71,121.21,2771.45
2019-03-05,42.847,1162.03,108.66,122.02,2789.65
2019-03-04,42.927,1147.8,109.22,122.51,2792.81
2019-03-01,42.707,1140.99,109.48,123.19,2803.69
2019-02-28,42.266999999999996,1119.92,108.99,122.24,2784.49
2019-02-27,42.683,1116.05,109.13,123.16,2792.38
2019-02-26,42.551,1115.13,109.32,123.65,2793.9
2019-02-25,42.526,1109.4,108.56,123.43,2796.11
2019-02-22,42.221000000000004,1110.37,107.97,123.24,2792.67
2019-02-21,41.753,1096.97,106.45,121.98,2774.88
2019-02-20,41.992,1113.8,104.26,122.12,2784.7
2019-02-19,41.721000000000004,1118.56,104.78,122.75,2779.76
2019-02-15,41.601000000000006,1113.65,104.83,122.14,2775.6
2019-02-14,41.691,1121.67,103.57,120.78,2745.73
2019-02-13,41.541000000000004,1120.16,103.48,121.7,2753.03
2019-02-12,41.711999999999996,1121.37,103.56,120.38,2744.73
2019-02-11,41.356,1095.01,101.94,118.58,2709.8
2019-02-08,41.598,1095.06,102.36,118.33,2707.88
2019-02-07,41.548,1098.71,101.96,117.88,2706.05
2019-02-06,42.349,1115.23,102.71,119.26,2731.61
2019-02-05,42.333999999999996,1145.99,103.88,118.58,2737.7
2019-02-04,41.625,1132.8,102.43,118.25,2724.87
2019-02-01,40.471,1110.75,99.57,117.3,2706.53
2019-01-31,40.454,1116.37,101.18,117.58,2704.1
2019-01-30,40.162,1089.06,103.05,117.54,2681.05
2019-01-29,37.597,1060.62,99.72,117.5,2640.0
2019-01-28,37.986999999999995,1070.08,101.78,117.44,2643.85
2019-01-25,38.345,1090.99,103.83,117.22,2664.76
2019-01-24,37.113,1073.9,102.87,115.93,2642.33
2019-01-23,37.407,1075.57,103.38,116.25,2638.7
2019-01-22,37.258,1070.52,102.37,107.19,2632.9
2019-01-18,38.113,1098.26,104.36,108.3,2670.71
2019-01-17,37.881,1089.9,102.8,106.88,2635.96
2019-01-16,37.661,1080.97,102.07,106.4,2616.1
2019-01-15,37.205999999999996,1077.15,101.71,106.49,2610.3
2019-01-14,36.46,1044.69,98.87299999999999,105.31,2582.61
2019-01-11,37.015,1057.19,99.59,106.25,2596.26
2019-01-10,37.379,1070.33,100.38,106.54,2596.64
2019-01-09,37.26,1074.66,101.03,105.58,2584.96
2019-01-08,36.635999999999996,1076.28,99.59,104.83,2574.41
2019-01-07,35.951,1068.39,98.883,103.36,2549.69
2019-01-04,36.034,1070.71,98.755,102.64,2531.94
2019-01-03,34.559,1016.06,94.35700000000001,98.78299999999999,2447.89
2019-01-02,38.382,1045.85,97.964,100.77,2510.03
2018-12-31,38.34,1035.61,98.40700000000001,99.445,2506.85
2018-12-28,37.97,1037.08,97.25,98.882,2485.74
2018-12-27,37.95,1043.88,98.023,99.54,2488.83
2018-12-26,38.2,1039.46,97.417,97.447,2467.7
2018-12-24,35.688,976.22,91.189,94.10700000000001,2351.1
2018-12-21,36.633,979.54,95.162,97.04,2416.62
2018-12-20,38.115,1009.41,98.351,98.87200000000001,2467.42
2018-12-19,39.102,1023.01,100.46,101.86,2506.96
2018-12-18,40.365,1028.71,100.73,102.06,2546.16
2018-12-17,39.845,1016.53,99.68,101.55,2545.94
2018-12-14,40.22,1042.1,102.71,104.89,2599.95
2018-12-13,41.551,1061.9,106.02,105.62,2650.54
2018-12-12,41.1,1063.68,105.68,105.98,2651.07
2018-12-11,40.986999999999995,1051.75,105.2,105.74,2636.78
2018-12-10,41.22,1039.55,104.24,105.95,2637.72
2018-12-07,40.952,1036.58,101.55,104.39,2633.08
2018-12-06,42.461000000000006,1068.73,105.79,108.39,2695.95
2018-12-04,42.95,1050.82,105.13,106.39,2700.06
2018-12-03,44.92,1106.43,108.58,109.61,2790.37
2018-11-30,43.403,1094.43,107.42,108.71,2760.17
2018-11-29,43.638000000000005,1088.3,106.75,106.27,2737.76
2018-11-28,43.977,1086.23,107.65,107.58,2743.79
2018-11-27,42.349,1044.41,103.8,104.99,2682.17
2018-11-26,42.43600000000001,1048.62,103.14,104.59,2673.45
2018-11-23,41.872,1023.88,99.85,102.52,2632.56
2018-11-21,42.97,1037.61,99.89,103.71,2649.93
2018-11-20,43.016000000000005,1025.76,98.545,102.53,2641.89
2018-11-19,45.174,1020.0,101.37,105.23,2690.73
2018-11-16,47.037,1061.49,104.9,106.36,2736.27
2018-11-15,46.518,1064.71,103.94,106.23,2730.2
2018-11-14,45.4,1043.66,101.67,105.15,2701.58
2018-11-13,46.722,1036.05,103.15,105.72,2722.18
2018-11-12,47.193999999999996,1038.63,103.08,105.75,2726.22
2018-11-09,49.698,1066.15,105.7,108.08,2781.01
2018-11-08,50.672,1082.4,107.8,107.93,2806.83
2018-11-07,50.849,1093.39,108.01,107.84,2813.89
2018-11-06,49.352,1055.81,103.92,106.36,2755.45
2018-11-05,48.828,1040.09,103.71,103.69,2738.31
2018-11-02,50.256,1057.79,102.39,99.89,2723.06
2018-11-01,53.821000000000005,1070.0,102.15,100.91,2740.37
2018-10-31,53.01,1076.77,103.02,99.72,2711.74
2018-10-30,51.663000000000004,1036.21,100.06,99.69,2682.63
2018-10-29,51.408,1020.08,100.18,103.35,2641.25
2018-10-26,52.391000000000005,1071.47,103.17,107.79,2658.69
2018-10-25,53.235,1095.57,104.46,109.23,2705.57
2018-10-24,52.095,1050.71,98.705,109.88,2656.1
2018-10-23,53.943999999999996,1103.69,104.29,113.35,2740.69
2018-10-22,53.441,1101.16,105.76,112.3,2755.88
2018-10-19,53.118,1096.46,104.8,111.51,2767.78
2018-10-18,52.321999999999996,1087.97,104.65,112.78,2768.78
2018-10-17,53.576,1115.69,106.79,115.79,2809.21
2018-10-16,53.803000000000004,1121.28,107.07,125.36,2809.92
2018-10-15,52.646,1092.25,103.8,121.9,2750.79
2018-10-12,53.793,1110.08,105.7,121.66,2767.13
2018-10-11,51.938,1079.32,102.14,120.09,2728.37
2018-10-10,52.403999999999996,1081.22,102.39,123.26,2785.68
2018-10-09,54.948,1138.82,108.28,127.19,2880.34
2018-10-08,54.2,1148.97,106.92,128.17,2884.43
2018-10-05,54.33,1157.35,108.17,128.74,2885.57
2018-10-04,55.222,1168.19,108.78,130.71,2901.61
2018-10-03,56.208999999999996,1202.95,111.09,132.34,2925.51
2018-10-02,55.532,1200.11,111.07,132.79,2923.43
2018-10-01,55.041000000000004,1195.31,111.52,132.16,2924.59
2018-09-28,54.676,1193.47,110.32,130.61,2913.98
2018-09-27,54.483999999999995,1194.64,110.35,130.84,2914.0
2018-09-26,53.386,1180.49,109.96,130.95,2905.97
2018-09-25,53.813,1184.65,110.39,128.63,2915.56
2018-09-24,53.476000000000006,1173.37,110.6,129.59,2919.37
2018-09-21,52.716,1166.09,110.22,130.73,2929.67
2018-09-20,53.288999999999994,1186.87,109.55,130.56,2930.75
2018-09-19,52.89,1171.09,107.75,128.75,2907.95
2018-09-18,52.858000000000004,1161.22,109.2,128.32,2904.31
2018-09-17,52.769,1156.05,108.18,127.78,2888.8
2018-09-14,54.217,1172.53,109.36,128.12,2904.98
2018-09-13,54.836000000000006,1175.33,108.9,128.67,2904.18
2018-09-12,53.54600000000001,1162.82,107.76,126.6,2888.92
2018-09-11,54.22,1177.36,107.3,126.52,2887.89
2018-09-10,52.88,1164.64,105.51,125.8,2877.13
2018-09-07,53.601000000000006,1164.83,104.38,125.63,2871.68
2018-09-06,54.034,1171.44,104.88,126.44,2878.05
2018-09-05,54.948,1186.48,104.64,126.69,2888.6
2018-09-04,55.31399999999999,1197.0,107.76,125.83,2896.72
2018-08-31,55.132,1218.19,108.34,126.51,2901.52
2018-08-30,54.501000000000005,1239.12,108.0,126.06,2901.13
2018-08-29,54.004,1249.3,108.07,127.43,2914.04
2018-08-28,53.211999999999996,1231.15,106.36,126.62,2897.52
2018-08-27,52.783,1241.82,105.73,126.72,2896.74
2018-08-24,52.356,1220.65,104.55,126.14,2874.69
2018-08-23,52.19,1205.38,103.76,125.55,2856.98
2018-08-22,52.085,1207.33,103.27,125.46,2861.82
2018-08-21,52.083,1201.62,102.21,126.09,2862.96
2018-08-20,52.183,1207.77,103.08,126.54,2857.05
2018-08-17,52.696000000000005,1200.96,103.78,126.16,2850.13
2018-08-16,51.666000000000004,1206.49,103.84,125.52,2840.69
2018-08-15,50.92100000000001,1214.38,103.86,124.3,2818.37
2018-08-14,50.803999999999995,1242.1,105.28,123.83,2839.96
2018-08-13,50.583999999999996,1235.01,104.0,123.28,2821.93
2018-08-10,50.266999999999996,1237.61,104.72,124.78,2833.28
2018-08-09,50.415,1249.1,105.39,125.04,2853.58
2018-08-08,50.02,1245.61,105.21,125.51,2857.7
2018-08-07,49.986000000000004,1242.22,104.61,125.62,2858.45
2018-08-06,50.463,1224.77,103.92,124.77,2850.4
2018-08-03,50.2,1223.71,103.83,126.21,2840.35
2018-08-02,50.056000000000004,1226.15,103.37,122.15,2827.22
2018-08-01,48.637,1220.01,102.1,122.63,2813.36
2018-07-31,45.926,1217.26,101.91,123.84,2816.29
2018-07-30,45.835,1219.74,101.27,124.32,2802.6
2018-07-27,46.099,1238.5,103.48,124.03,2818.82
2018-07-26,46.876999999999995,1268.33,105.34,125.37,2837.44
2018-07-25,47.02,1263.7,106.5,125.3,2846.07
2018-07-24,46.58,1248.08,103.46,125.09,2820.4
2018-07-23,46.251000000000005,1205.5,103.76,124.52,2806.98
2018-07-20,46.208,1184.91,102.09,125.06,2801.83
2018-07-19,46.313,1186.96,100.33,127.52,2804.49
2018-07-18,45.95399999999999,1195.88,101.03,123.49,2815.62
2018-07-17,46.211000000000006,1198.8,101.79,122.62,2809.55
2018-07-16,46.082,1183.86,100.82,124.3,2798.43
2018-07-13,46.181000000000004,1188.82,101.33,124.67,2801.31
2018-07-12,46.111999999999995,1183.48,100.12,125.15,2798.29
2018-07-11,45.343,1153.9,97.993,123.85,2774.02
2018-07-10,45.942,1152.84,98.134,123.66,2793.84
2018-07-09,45.998999999999995,1154.05,97.867,123.4,2784.17
2018-07-06,45.36600000000001,1140.17,97.20200000000001,121.76,2759.82
2018-07-05,44.75,1124.27,95.85799999999999,120.86,2736.61
2018-07-03,44.388000000000005,1102.89,95.178,119.28,2713.22
2018-07-02,45.178999999999995,1127.46,96.103,119.51,2726.71
2018-06-29,44.678000000000004,1115.65,94.75399999999999,119.39,2718.37
2018-06-28,44.773999999999994,1114.22,94.774,119.65,2716.31
2018-06-27,44.445,1103.98,93.726,117.47,2699.63
2018-06-26,44.513000000000005,1118.46,95.205,118.84,2723.06
2018-06-25,43.967,1124.81,94.54299999999999,118.61,2717.07
2018-06-22,44.633,1155.48,96.48899999999999,120.74,2754.88
2018-06-21,44.763999999999996,1157.66,97.182,120.71,2749.76
2018-06-20,45.011,1169.84,97.887,121.89,2767.32
2018-06-19,44.817,1168.06,96.912,122.96,2762.59
2018-06-18,45.556000000000004,1173.46,96.912,123.45,2773.75
2018-06-15,45.57899999999999,1152.26,96.21700000000001,124.24,2779.66
2018-06-14,46.053999999999995,1152.12,97.455,124.08,2782.49
2018-06-13,46.028999999999996,1134.79,96.90299999999999,125.06,2775.63
2018-06-12,46.403,1139.32,97.348,125.51,2786.85
2018-06-11,46.155,1129.99,97.094,125.27,2782.0
2018-06-08,46.271,1120.87,97.652,124.88,2779.03
2018-06-07,46.692,1123.86,96.931,124.21,2770.37
2018-06-06,46.818999999999996,1136.88,98.495,123.66,2772.35
2018-06-05,46.655,1139.66,98.20200000000001,122.79,2748.8
2018-06-04,46.301,1139.29,97.69200000000001,122.23,2746.87
2018-06-01,45.916000000000004,1119.5,96.844,121.29,2734.62
2018-05-31,45.101000000000006,1084.99,94.973,120.76,2705.27
2018-05-30,45.254,1067.8,95.08200000000001,121.88,2724.01
2018-05-29,45.348,1060.32,94.178,120.69,2689.86
2018-05-25,45.516000000000005,1075.66,94.514,122.74,2721.33
2018-05-24,45.41,1079.24,94.46600000000001,123.11,2727.76
2018-05-23,45.463,1079.69,94.804,123.62,2733.29
2018-05-22,45.174,1069.73,93.68700000000001,123.99,2724.44
2018-05-21,45.287,1079.58,93.78200000000001,124.32,2733.01
2018-05-18,44.967,1066.36,92.59299999999999,123.12,2712.97
2018-05-17,45.131,1078.59,92.419,123.47,2720.13
2018-05-16,45.418,1081.77,93.351,123.58,2722.46
2018-05-15,44.996,1079.23,93.11399999999999,122.83,2711.45
2018-05-14,45.41,1100.2,93.789,123.31,2730.13
2018-05-11,45.518,1098.26,93.475,123.18,2727.72
2018-05-10,45.68899999999999,1097.57,93.67399999999999,123.27,2723.07
2018-05-09,45.045,1082.76,92.74700000000001,121.88,2697.79
2018-05-08,44.733999999999995,1053.91,91.667,120.86,2671.92
2018-05-07,44.518,1054.79,92.05799999999999,121.06,2672.63
2018-05-04,44.201,1048.21,91.044,121.64,2663.42
2018-05-03,42.526,1023.72,90.00200000000001,120.01,2629.73
2018-05-02,42.448,1024.38,89.465,120.37,2635.67
2018-05-01,40.659,1037.31,90.89,122.55,2654.8
2018-04-30,39.735,1017.33,89.475,122.53,2648.05
2018-04-27,39.029,1030.05,91.67399999999999,123.79,2669.91
2018-04-26,39.485,1040.04,90.181,124.01,2666.94
2018-04-25,39.345,1021.18,88.318,123.35,2639.4
2018-04-24,39.169000000000004,1019.98,89.09299999999999,123.02,2634.56
2018-04-23,39.731,1067.45,91.226,123.29,2670.29
2018-04-20,39.843,1072.96,90.89,122.48,2670.14
2018-04-19,41.548,1087.7,91.95200000000001,124.82,2693.13
2018-04-18,42.76,1072.08,92.27,125.74,2708.64
2018-04-17,42.857,1074.16,91.915,136.0,2706.39
2018-04-16,42.273999999999994,1037.98,90.098,133.43,2677.84
2018-04-13,42.012,1029.27,89.054,132.45,2656.3
2018-04-12,41.865,1032.51,89.535,133.57,2663.99
2018-04-11,41.461000000000006,1019.97,87.887,131.31,2642.19
2018-04-10,41.658,1031.64,88.86200000000001,131.34,2656.87
2018-04-09,40.885,1015.45,86.844,129.05,2613.16
2018-04-06,40.481,1007.04,86.329,127.26,2604.47
2018-04-05,41.548,1027.81,88.385,130.17,2662.84
2018-04-04,41.25899999999999,1025.14,88.338,130.26,2644.69
2018-04-03,40.484,1013.41,85.83,126.65,2614.45
2018-04-02,40.075,1006.47,84.69,126.83,2581.88
2018-03-29,40.343,1031.79,87.324,129.67,2640.87
2018-03-28,40.028,1004.56,85.524,128.91,2605.0
2018-03-27,40.471,1005.1,85.6,128.39,2612.62
2018-03-26,41.541000000000004,1053.21,89.72200000000001,129.63,2658.55
2018-03-23,39.661,1021.57,83.41,125.84,2588.26
2018-03-22,40.599000000000004,1049.08,85.906,128.53,2643.69
2018-03-21,41.175,1090.88,88.48100000000001,132.43,2711.93
2018-03-20,42.137,1097.71,89.103,132.02,2716.94
2018-03-19,42.148999999999994,1099.82,88.87200000000001,132.99,2712.92
2018-03-16,42.805,1135.73,90.509,135.44,2752.01
2018-03-15,42.955,1149.58,90.10700000000001,134.9,2747.33
2018-03-14,42.905,1149.49,89.791,133.62,2749.48
2018-03-13,43.269,1138.17,90.32799999999999,134.67,2765.31
2018-03-12,43.69,1164.5,92.585,135.44,2783.02
2018-03-09,43.271,1160.04,92.365,134.66,2786.57
2018-03-08,42.538000000000004,1126.0,90.346,132.02,2738.97
2018-03-07,42.083999999999996,1109.64,89.801,133.82,2726.8
2018-03-06,42.471000000000004,1095.06,89.28399999999999,131.59,2728.12
2018-03-05,42.508,1090.93,89.59100000000001,132.64,2720.94
2018-03-02,42.36600000000001,1078.92,89.025,130.57,2691.25
2018-03-01,42.077,1069.52,88.835,129.99,2677.67
2018-02-28,42.83,1104.73,89.712,131.7,2713.83
2018-02-27,42.893,1118.29,90.124,132.31,2744.28
2018-02-26,43.031000000000006,1143.75,91.29299999999999,134.04,2779.6
2018-02-23,42.199,1126.79,89.993,131.44,2747.3
2018-02-22,41.475,1106.63,87.764,129.47,2703.96
2018-02-21,41.126999999999995,1111.34,87.531,130.11,2701.33
2018-02-20,41.316,1102.71,88.71,131.13,2716.26
2018-02-16,41.458,1094.8,88.01899999999999,132.0,2732.22
2018-02-15,41.595,1089.52,88.652,131.85,2731.2
2018-02-14,40.242,1069.71,86.883,130.78,2698.63
2018-02-13,39.515,1052.1,85.54299999999999,127.41,2662.94
2018-02-12,39.117,1052.48,84.89399999999999,127.97,2656.0
2018-02-09,37.609,1037.78,83.97200000000001,126.36,2619.55
2018-02-08,37.153,1001.52,80.956,124.74,2581.0
2018-02-07,38.193000000000005,1048.58,85.336,128.76,2681.66
2018-02-06,39.039,1080.6,86.97200000000001,130.0,2695.14
2018-02-05,37.469,1055.8,83.801,127.66,2648.94
2018-02-02,38.431999999999995,1111.9,87.40100000000001,133.11,2762.13
2018-02-01,40.174,1167.7,89.76,135.92,2821.98
2018-01-31,40.093,1169.94,90.477,137.0,2823.81
2018-01-30,39.981,1163.69,88.314,136.93,2822.43
2018-01-29,40.22,1175.58,89.43700000000001,139.59,2853.53
2018-01-26,41.067,1175.84,89.573,140.07,2872.87
2018-01-25,40.977,1170.37,87.92399999999999,138.49,2839.25
2018-01-24,41.716,1164.24,87.441,138.4,2837.54
2018-01-23,42.391999999999996,1169.97,87.515,139.13,2839.13
2018-01-22,42.383,1155.81,87.236,136.08,2832.97
2018-01-19,42.735,1137.51,85.706,135.89,2810.3
2018-01-18,42.927,1129.79,85.801,141.54,2798.03
2018-01-17,42.887,1131.98,85.839,141.14,2802.56
2018-01-16,42.191,1121.76,84.133,137.11,2776.42
2018-01-12,42.398999999999994,1122.26,85.32700000000001,136.53,2786.24
2018-01-11,41.972,1105.52,83.87700000000001,137.42,2767.56
2018-01-10,41.733000000000004,1102.61,83.63,137.41,2748.23
2018-01-09,41.743,1106.26,84.01,137.1,2751.29
2018-01-08,41.75899999999999,1106.94,84.06700000000001,136.82,2747.71
2018-01-05,41.902,1102.23,83.98100000000001,136.0,2743.15
2018-01-04,41.43600000000001,1086.4,82.95299999999999,135.33,2723.99
2018-01-03,41.24,1082.48,82.228,132.64,2713.06
2018-01-02,41.247,1064.9,81.848,129.1,2695.81
2017-12-29,40.521,1046.4,81.458,128.4,2673.61
2017-12-28,40.968999999999994,1048.14,81.63,128.92,2687.54
2017-12-27,40.85,1049.37,81.62,128.16,2682.62
2017-12-26,40.843,1056.74,81.327,127.91,2680.5
2017-12-22,41.905,1060.12,81.429,127.63,2683.34
2017-12-21,41.905,1063.63,81.419,126.78,2684.57
2017-12-20,41.748999999999995,1064.95,81.439,128.02,2679.25
2017-12-19,41.788999999999994,1070.68,81.736,128.23,2681.47
2017-12-18,42.247,1077.14,82.257,128.32,2690.16
2017-12-15,41.661,1064.19,82.706,127.63,2675.81
2017-12-14,41.236999999999995,1049.15,80.64699999999999,128.89,2652.01
2017-12-13,41.25,1040.61,81.278,128.8,2662.85
2017-12-12,41.11,1040.48,81.495,131.18,2664.11
2017-12-11,41.346000000000004,1041.1,81.16199999999999,130.05,2659.99
2017-12-08,40.556999999999995,1036.88,80.145,129.57,2651.5
2017-12-07,40.544000000000004,1030.93,78.553,128.52,2636.98
2017-12-06,40.477,1018.38,78.83,128.97,2629.27
2017-12-05,40.624,1005.15,77.696,130.01,2629.57
2017-12-04,40.661,998.68,77.211,130.93,2639.44
2017-12-01,40.961999999999996,1010.17,80.238,129.52,2642.22
2017-11-30,41.147,1021.41,80.154,128.86,2647.58
2017-11-29,40.584,1021.66,79.36,128.5,2626.07
2017-11-28,41.445,1047.41,80.829,127.6,2627.04
2017-11-27,41.685,1054.36,79.868,127.21,2601.42
2017-11-24,41.895,1040.61,79.288,127.07,2602.42
2017-11-22,41.891999999999996,1035.96,79.143,127.02,2597.08
2017-11-21,41.461000000000006,1034.49,79.725,127.18,2599.03
2017-11-20,40.7,1018.38,78.59100000000001,125.97,2582.14
2017-11-17,40.743,1019.09,78.469,124.67,2578.85
2017-11-16,40.975,1032.5,79.23100000000001,124.79,2585.64
2017-11-15,40.484,1020.91,79.01899999999999,123.11,2564.62
2017-11-14,41.028,1026.0,79.639,124.62,2578.87
2017-11-13,41.661,1025.75,79.527,124.19,2584.84
2017-11-10,41.823,1028.07,79.47,124.83,2582.3
2017-11-09,41.965,1031.05,79.678,125.78,2584.62
2017-11-08,42.051,1039.85,80.124,125.59,2594.38
2017-11-07,41.707,1033.33,79.83800000000001,125.42,2590.64
2017-11-06,41.578,1025.9,80.039,124.98,2591.13
2017-11-03,41.155,1032.48,79.725,125.6,2587.84
2017-11-02,40.111999999999995,1025.58,79.639,127.06,2579.85
2017-11-01,39.815,1025.5,78.815,127.64,2579.36
2017-10-31,40.336,1016.64,78.815,127.67,2575.26
2017-10-30,39.778,1017.11,79.48899999999999,127.91,2572.83
2017-10-27,38.911,1019.27,79.41,127.35,2581.07
2017-10-26,37.559,972.56,74.624,127.28,2560.4
2017-10-25,37.315,973.33,74.505,127.21,2557.15
2017-10-24,37.481,970.54,74.721,129.16,2569.13
2017-10-23,37.26,968.45,74.692,132.22,2564.98
2017-10-20,37.275,988.2,74.673,134.29,2575.21
2017-10-19,37.22,984.45,73.82,133.33,2562.1
2017-10-18,38.115,992.81,73.536,132.2,2561.26
2017-10-17,38.29,992.18,73.517,121.43,2559.36
2017-10-16,38.145,992.0,73.575,121.67,2557.64
2017-10-13,37.454,989.68,73.425,121.9,2553.17
2017-10-12,37.222,987.91,73.072,121.84,2550.93
2017-10-11,37.349000000000004,989.25,72.407,122.32,2555.24
2017-10-10,37.201,972.6,72.289,123.05,2550.64
2017-10-09,37.186,977.0,72.289,122.12,2544.73
2017-10-06,37.053000000000004,978.38,72.009,121.38,2549.33
2017-10-05,37.076,969.96,71.982,121.58,2552.07
2017-10-04,36.615,951.68,70.771,121.38,2537.74
2017-10-03,36.855,957.79,70.362,121.64,2534.58
2017-10-02,36.696,953.27,70.695,121.52,2529.12
2017-09-29,36.771,959.11,70.58,120.22,2519.36
2017-09-28,36.573,949.5,69.994,120.71,2510.06
2017-09-27,36.798,944.49,69.97399999999999,120.71,2507.04
2017-09-26,36.543,924.86,69.414,121.44,2496.84
2017-09-25,35.924,920.97,69.414,120.88,2496.66
2017-09-22,36.242,928.53,70.506,120.26,2502.22
2017-09-21,36.595,932.45,70.313,120.35,2500.6
2017-09-20,37.238,931.58,71.008,120.89,2508.24
2017-09-19,37.874,921.81,71.483,119.63,2506.65
2017-09-18,37.864000000000004,915.0,71.214,119.77,2503.87
2017-09-15,38.145,920.29,71.358,120.01,2500.23
2017-09-14,37.769,925.11,70.843,120.6,2495.62
2017-09-13,38.086999999999996,935.09,71.263,120.99,2498.37
2017-09-12,38.38,932.07,70.76100000000001,120.78,2496.48
2017-09-11,38.529,929.08,70.833,120.05,2488.11
2017-09-08,37.854,926.5,70.097,118.04,2461.43
2017-09-07,38.477,936.02,70.439,118.42,2465.1
2017-09-06,38.629,927.81,69.548,119.17,2465.54
2017-09-05,38.669000000000004,928.45,69.748,118.53,2457.85
2017-09-01,39.137,937.34,70.06,119.4,2476.55
2017-08-31,39.126999999999995,939.33,70.873,118.52,2471.65
2017-08-30,38.98,929.57,70.126,118.12,2457.59
2017-08-29,38.876,921.29,69.21600000000001,118.62,2446.3
2017-08-28,38.521,913.81,69.007,118.09,2444.24
2017-08-25,38.14,915.89,68.997,119.11,2443.05
2017-08-24,38.0,921.28,68.877,118.45,2438.97
2017-08-23,38.17,927.0,68.906,117.79,2444.04
2017-08-22,38.12,924.69,69.32,116.83,2452.51
2017-08-21,37.509,906.66,68.363,116.3,2428.37
2017-08-18,37.580999999999996,910.67,68.686,115.77,2425.55
2017-08-17,37.667,910.98,68.601,116.59,2430.01
2017-08-16,38.402,926.96,69.785,118.08,2468.11
2017-08-15,38.553000000000004,922.22,69.377,117.72,2464.61
2017-08-14,38.137,922.67,69.359,117.95,2465.84
2017-08-11,37.577,914.39,68.331,117.53,2441.32
2017-08-10,37.059,907.24,67.304,117.53,2438.21
2017-08-09,38.28,922.9,68.304,117.46,2474.02
2017-08-08,38.037,926.79,68.605,117.76,2474.92
2017-08-07,37.747,929.36,68.236,117.64,2480.91
2017-08-04,37.171,927.96,68.502,119.01,2476.83
2017-08-03,36.973,923.65,68.002,118.84,2472.16
2017-08-02,37.344,930.39,68.105,118.45,2477.57
2017-08-01,35.661,930.83,68.406,119.14,2476.35
2017-07-31,35.345,930.5,68.52,118.64,2470.3
2017-07-28,35.534,941.53,68.84,118.31,2472.1
2017-07-27,35.781,934.09,68.953,118.93,2475.42
2017-07-26,36.475,947.8,69.793,119.19,2477.83
2017-07-25,36.299,950.7,69.923,119.87,2477.13
2017-07-24,36.148,980.34,69.368,119.69,2469.91
2017-07-21,35.711,972.92,69.547,120.6,2472.54
2017-07-20,35.729,968.15,69.952,121.09,2473.45
2017-07-19,35.894,970.89,69.613,120.99,2473.83
2017-07-18,35.669000000000004,965.4,69.085,126.27,2460.61
2017-07-17,35.547,953.42,69.132,125.47,2459.14
2017-07-14,35.421,956.0,68.595,126.47,2459.27
2017-07-13,35.118,947.159,67.645,125.98,2447.83
2017-07-12,34.637,943.83,67.059,126.03,2443.25
2017-07-11,34.586999999999996,930.09,65.964,125.61,2425.53
2017-07-10,34.475,928.8,65.954,125.8,2427.43
2017-07-07,34.269,918.59,65.468,125.41,2425.18
2017-07-06,33.919000000000004,906.69,64.626,124.94,2409.75
2017-07-05,34.246,911.71,65.107,126.02,2432.54
2017-07-03,34.103,898.11,64.25,127.56,2429.01
2017-06-30,34.229,908.73,64.968,126.12,2423.41
2017-06-29,34.146,917.79,64.553,126.38,2419.7
2017-06-28,34.659,940.49,65.788,127.37,2440.69
2017-06-27,34.159,928.13,65.23,126.89,2419.38
2017-06-26,34.657,952.27,66.475,127.29,2439.07
2017-06-23,34.766999999999996,965.59,67.116,126.37,2438.3
2017-06-22,34.611999999999995,957.09,66.22,126.62,2434.5
2017-06-21,34.669000000000004,959.45,66.229,126.09,2435.61
2017-06-20,34.461999999999996,950.63,65.89,127.04,2437.03
2017-06-19,34.782,957.37,66.796,126.96,2453.46
2017-06-16,33.811,939.78,65.97399999999999,127.41,2433.15
2017-06-15,34.296,942.31,65.881,126.45,2432.46
2017-06-14,34.495,950.76,66.229,126.11,2437.92
2017-06-13,34.845,953.4,66.59,126.48,2440.35
2017-06-12,34.559,942.9,65.768,127.25,2429.39
2017-06-09,35.405,949.83,66.27600000000001,126.36,2431.77
2017-06-08,36.835,983.4,67.812,124.72,2433.79
2017-06-07,36.928000000000004,981.08,68.227,123.79,2433.14
2017-06-06,36.705999999999996,976.72,68.35,124.94,2429.33
2017-06-05,36.583,983.68,68.123,124.96,2436.1
2017-06-02,36.948,975.6,67.625,124.67,2439.07
2017-06-01,36.405,966.95,66.069,125.18,2430.06
2017-05-31,36.302,964.86,65.824,125.15,2411.8
2017-05-30,36.525,975.88,66.36,124.4,2412.91
2017-05-26,36.51,971.47,65.936,125.04,2415.82
2017-05-25,36.573,969.54,65.615,125.62,2415.07
2017-05-24,36.445,954.96,64.815,125.06,2404.39
2017-05-23,36.556999999999995,948.82,64.73100000000001,124.66,2398.42
2017-05-22,36.595,941.86,64.514,125.16,2394.02
2017-05-19,36.376,934.01,63.79600000000001,124.63,2381.73
2017-05-18,36.255,930.24,63.81399999999999,123.62,2365.72
2017-05-17,35.708,919.62,63.6,123.76,2357.03
2017-05-16,36.951,943.0,65.421,126.03,2400.67
2017-05-15,37.003,937.08,64.128,124.24,2402.32
2017-05-12,37.099000000000004,932.22,64.079,123.3,2390.9
2017-05-11,36.585,930.6,64.156,123.52,2394.44
2017-05-10,36.272,928.78,64.953,124.02,2399.63
2017-05-09,36.45,932.17,64.699,124.73,2396.92
2017-05-08,36.215,934.3,64.605,125.48,2399.38
2017-05-05,35.258,927.13,64.661,125.91,2399.29
2017-05-04,34.681999999999995,931.66,64.484,129.14,2389.52
2017-05-03,34.812,927.04,64.737,128.81,2388.13
2017-05-02,34.916,916.44,64.944,129.18,2391.17
2017-05-01,34.695,912.57,65.046,128.99,2388.33
2017-04-28,33.999,905.96,64.156,130.15,2384.2
2017-04-27,34.033,874.25,63.979,130.18,2388.77
2017-04-26,34.006,871.73,63.565,129.97,2387.45
2017-04-25,34.209,872.3,63.651,130.24,2388.61
2017-04-24,33.996,862.76,63.286,130.54,2374.15
2017-04-21,33.677,843.19,62.227,130.23,2348.69
2017-04-20,33.715,841.65,61.381,131.79,2355.84
2017-04-19,33.297,838.21,60.949,131.31,2338.17
2017-04-18,33.42,836.82,61.28,138.07,2342.19
2017-04-17,33.57,837.17,61.361999999999995,138.94,2349.01
2017-04-13,33.385,823.56,60.86600000000001,137.67,2328.95
2017-04-12,33.563,824.32,61.129,138.58,2344.93
2017-04-11,33.52,823.35,61.361999999999995,138.53,2353.78
2017-04-10,33.883,824.73,61.408,139.02,2357.16
2017-04-07,33.923,824.67,61.552,139.77,2355.54
2017-04-06,34.001,827.88,61.598,140.05,2357.49
2017-04-05,34.089,831.41,61.437,140.37,2352.95
2017-04-04,34.266,834.57,61.598,141.72,2360.16
2017-04-03,34.010999999999996,838.55,61.427,141.7,2358.84
2017-03-31,34.001,829.6,61.718999999999994,141.4,2362.72
2017-03-30,34.066,831.5,61.581,141.17,2368.06
2017-03-29,34.109,831.41,61.352,141.24,2361.13
2017-03-28,34.036,820.92,61.184,141.71,2358.57
2017-03-27,33.343,819.51,61.007,141.12,2341.59
2017-03-24,33.29,814.43,60.893,141.15,2343.98
2017-03-23,33.353,817.58,60.792,141.97,2345.96
2017-03-22,33.473,829.59,60.93899999999999,141.93,2348.45
2017-03-21,33.099000000000004,830.46,60.174,141.19,2344.02
2017-03-20,33.483000000000004,848.4,60.848,142.69,2373.47
2017-03-17,33.132,852.12,60.792,142.64,2378.25
2017-03-16,33.3,848.78,60.575,143.92,2381.38
2017-03-15,33.247,847.2,60.68,142.76,2385.26
2017-03-14,32.894,845.62,60.361000000000004,142.71,2365.45
2017-03-13,32.946999999999996,845.54,60.641000000000005,143.28,2373.47
2017-03-10,32.931,843.25,60.848,144.41,2372.6
2017-03-09,32.821,838.68,60.66,143.88,2364.87
2017-03-08,32.897,835.37,60.903,145.71,2362.98
2017-03-07,33.023,831.91,60.351000000000006,146.47,2368.39
2017-03-06,32.979,827.56,60.229,146.55,2375.31
2017-03-03,33.086999999999996,829.08,60.21,146.22,2383.12
2017-03-02,32.887,830.63,59.986000000000004,146.61,2381.92
2017-03-01,33.089,835.24,60.828,147.76,2395.96
2017-02-28,32.423,823.21,59.958,146.01,2363.64
2017-02-27,32.409,829.28,60.192,145.67,2369.75
2017-02-24,32.348,828.64,60.555,147.27,2367.34
2017-02-23,32.308,831.33,60.555,147.49,2363.81
2017-02-22,32.453,830.76,60.313,147.1,2362.82
2017-02-21,32.357,831.66,60.43600000000001,146.37,2365.38
2017-02-17,32.126,828.07,60.555,146.7,2351.16
2017-02-16,32.038000000000004,824.16,60.464,147.33,2347.22
2017-02-15,32.075,818.98,60.472,147.51,2349.25
2017-02-14,31.956999999999997,820.39,60.511,146.28,2337.58
2017-02-13,31.552,819.24,60.284,145.63,2328.25
2017-02-10,31.274,813.67,59.614,145.11,2316.1
2017-02-09,31.346999999999998,809.56,59.67,143.9,2307.87
2017-02-08,31.111,808.38,59.001000000000005,143.06,2294.67
2017-02-07,30.993000000000002,806.97,59.083,143.78,2293.08
2017-02-06,30.711,801.34,59.282,141.68,2292.56
2017-02-03,30.415,801.49,59.315,141.65,2297.42
2017-02-02,30.293000000000003,798.53,58.841,140.64,2280.85
2017-02-01,30.34,795.695,59.225,140.41,2279.55
2017-01-31,28.6,796.79,60.218999999999994,140.6,2278.87
2017-01-30,28.66,802.32,60.668,141.64,2280.9
2017-01-27,28.74,823.31,61.273999999999994,142.85,2294.69
2017-01-26,28.737,832.15,59.865,143.93,2296.68
2017-01-25,28.723000000000003,835.67,59.315,143.64,2298.37
2017-01-24,28.271,823.87,59.162,141.72,2280.07
2017-01-23,28.301,819.31,58.646,137.78,2265.2
2017-01-20,28.279,805.02,58.43899999999999,137.41,2271.31
2017-01-19,28.229,802.175,58.031000000000006,134.38,2263.69
2017-01-18,28.276999999999997,806.07,58.216,134.37,2271.89
2017-01-17,28.279,804.61,58.244,135.27,2267.89
2017-01-13,28.054000000000002,807.88,58.405,134.81,2274.64
2017-01-12,28.107,806.36,58.318999999999996,135.31,2270.44
2017-01-11,28.221,807.91,58.86,135.15,2275.32
2017-01-10,28.070999999999998,804.8,58.32899999999999,133.35,2268.9
2017-01-09,28.041,806.65,58.349,135.07,2268.9
2017-01-06,27.785999999999998,806.15,58.534,136.59,2276.98
2017-01-05,27.485,794.03,58.031000000000006,135.93,2269.0
2017-01-04,27.344,786.9,58.031000000000006,136.35,2270.75
2017-01-03,27.374000000000002,786.14,58.29,134.72,2257.83
2016-12-30,27.295,771.82,57.88399999999999,133.73,2238.83
2016-12-29,27.515,782.79,58.591,134.22,2249.26
2016-12-28,27.518,785.05,58.673,133.9,2249.92
2016-12-27,27.633000000000003,791.55,58.946999999999996,134.68,2268.88
2016-12-23,27.463,789.91,58.907,134.31,2263.79
2016-12-22,27.408,791.26,59.196000000000005,134.6,2260.96
2016-12-21,27.588,794.58,59.196000000000005,134.81,2265.18
2016-12-20,27.563000000000002,796.42,59.18600000000001,135.03,2270.76
2016-12-19,27.493000000000002,794.15,59.263000000000005,134.28,2262.53
2016-12-16,27.333000000000002,790.8,58.031000000000006,134.32,2258.07
2016-12-15,27.295,797.85,58.29,135.37,2262.03
2016-12-14,27.143,797.07,58.396,135.76,2253.28
2016-12-13,27.143,796.1,58.663000000000004,135.57,2271.72
2016-12-12,26.704,789.27,57.911,133.34,2256.96
2016-12-09,26.855,789.29,57.724,134.16,2259.53
2016-12-08,26.424,776.4,56.83,133.23,2246.19
2016-12-07,26.166999999999998,771.19,57.166000000000004,132.76,2241.35
2016-12-06,25.908,759.11,55.843,129.18,2212.23
2016-12-05,25.711,762.52,56.093999999999994,128.78,2204.71
2016-12-02,25.895,750.5,55.19,128.92,2191.95
2016-12-01,25.803,747.92,55.141999999999996,128.77,2191.08
2016-11-30,26.045,758.04,56.131,130.71,2198.81
2016-11-29,26.266,770.84,56.903,131.76,2204.66
2016-11-28,26.293000000000003,768.24,56.457,132.55,2201.72
2016-11-25,26.346,761.68,56.382,131.43,2213.35
2016-11-23,26.214000000000002,760.99,56.262,130.51,2204.72
2016-11-22,26.349,768.27,56.923,131.05,2202.94
2016-11-21,26.331,769.2,56.68899999999999,131.13,2198.18
2016-11-18,25.933000000000003,760.54,56.214,129.21,2181.9
2016-11-17,25.908,771.23,56.483000000000004,128.75,2187.12
2016-11-16,25.918000000000003,764.48,55.56100000000001,128.32,2176.94
2016-11-15,25.239,758.49,54.836000000000006,127.84,2180.39
2016-11-14,24.916,736.08,53.773,127.46,2164.2
2016-11-11,25.555,754.02,54.607,129.92,2164.45
2016-11-10,25.401999999999997,762.56,54.312,129.08,2167.48
2016-11-09,26.131,785.31,55.67,124.73,2163.26
2016-11-08,26.174,790.51,55.95,125.01,2139.56
2016-11-07,26.018,782.52,55.905,124.32,2131.52
2016-11-04,25.648000000000003,762.02,54.32,121.71,2085.18
2016-11-03,25.883000000000003,762.13,54.783,121.66,2088.66
2016-11-02,26.164,768.7,54.989,121.3,2097.94
2016-11-01,26.141,783.61,55.327,121.98,2111.72
2016-10-31,26.619,784.54,55.442,122.72,2126.15
2016-10-28,26.664,795.37,55.395,121.86,2126.41
2016-10-27,26.842,795.35,55.605,122.45,2133.04
2016-10-26,27.095,799.07,56.097,121.2,2139.43
2016-10-25,27.721,807.67,56.428000000000004,120.45,2143.16
2016-10-24,27.585,813.11,56.438,120.23,2151.33
2016-10-21,27.339000000000002,799.38,55.199,119.48,2141.16
2016-10-20,27.448,796.97,52.968999999999994,121.0,2141.34
2016-10-19,27.463,801.56,53.23,120.77,2144.29
2016-10-18,27.543000000000003,795.26,53.35,120.33,2139.6
2016-10-17,27.563000000000002,779.96,52.943000000000005,123.55,2126.5
2016-10-14,27.581,778.53,53.125,123.32,2132.98
2016-10-13,27.428,778.19,52.663000000000004,122.73,2132.55
2016-10-12,27.515,786.14,52.841,123.19,2139.18
2016-10-11,27.27,783.07,52.913999999999994,123.57,2136.73
2016-10-10,27.21,785.94,53.7,125.37,2163.66
2016-10-07,26.747,775.08,53.478,124.3,2153.74
2016-10-06,26.706999999999997,776.86,53.42100000000001,125.26,2160.77
2016-10-05,26.504,776.47,53.33,125.43,2159.73
2016-10-04,26.491,776.43,52.961000000000006,124.92,2150.49
2016-10-03,26.384,772.56,53.125,125.84,2161.2
2016-09-30,26.504,777.29,53.293,126.83,2168.27
2016-09-29,26.303,775.01,53.106,126.24,2151.13
2016-09-28,26.719,781.56,53.692,126.38,2171.37
2016-09-27,26.514,783.01,53.617,125.17,2159.93
2016-09-26,26.464000000000002,774.2,52.645,122.93,2146.1
2016-09-23,26.427,786.9,53.135,123.75,2164.69
2016-09-22,26.869,787.21,53.496,124.64,2177.18
2016-09-21,26.621,776.22,53.44,124.19,2163.12
